right,11,25,26,List,
right,11,25,27,Opt,
right,11,25,28,IntegerLiteral,
right,11,34,35,List,
right,11,34,36,Opt,
right,11,34,37,IntegerLiteral,
right,11,52,53,List,
right,11,52,54,Opt,
right,11,52,55,AddExpr,
right,11,52,56,VarAccess,a
right,11,52,57,VarAccess,b
right,11,63,64,List,
right,11,63,65,Opt,
right,11,63,66,IntegerLiteral,
right,71,75,76,VarAccess,a
right,77,83,84,VarAccess,c
right,85,90,91,List,
right,85,90,92,Opt,
right,85,90,93,AddExpr,
right,85,90,94,VarAccess,b
right,85,90,95,VarAccess,c
right,109,116,117,List,
right,109,116,118,Opt,
right,109,116,119,IntegerLiteral,
right,109,125,126,List,
right,109,125,127,Opt,
right,109,125,128,IntegerLiteral,
right,109,134,135,List,
right,109,134,136,Opt,
right,109,134,137,AddExpr,
right,109,134,138,VarAccess,a
right,109,134,139,VarAccess,b
right,109,145,146,List,
right,109,145,147,Opt,
right,109,145,148,IntegerLiteral,
right,109,151,152,VarAccess,a
right,154,159,160,List,
right,154,159,161,Opt,
right,154,159,162,IntegerLiteral,
