right,ForLoop,foo,11,25,26
right,ForLoop,foo,11,25,27
right,ForLoop,foo,11,25,28
right,ForLoop,foo,11,25,29
right,ForLoop,foo,11,25,30
right,ForLoop,foo,11,25,31
right,ForLoop,foo,11,25,32
right,ForLoop,foo,11,25,33
right,ForLoop,foo,11,25,34
right,ForLoop,foo,11,34,35
right,ForLoop,foo,11,34,36
right,ForLoop,foo,11,34,37
right,ForLoop,foo,11,34,38
right,ForLoop,foo,11,34,39
right,ForLoop,foo,11,34,40
right,ForLoop,foo,11,34,41
right,ForLoop,foo,11,34,42
right,ForLoop,foo,11,34,43
right,ForLoop,foo,11,34,44
right,ForLoop,foo,11,34,45
right,ForLoop,foo,11,34,46
right,ForLoop,foo,11,34,47
right,ForLoop,foo,11,34,48
right,ForLoop,foo,11,34,49
right,ForLoop,foo,11,34,50
right,ForLoop,foo,11,34,51
right,ForLoop,foo,11,34,52
right,ForLoop,foo,11,52,53
right,ForLoop,foo,11,52,54
right,ForLoop,foo,11,52,55
right,ForLoop,foo,11,52,56
right,ForLoop,foo,11,52,57
right,ForLoop,foo,11,52,58
right,ForLoop,foo,11,52,59
right,ForLoop,foo,11,52,60
right,ForLoop,foo,11,52,61
right,ForLoop,foo,11,52,62
right,ForLoop,foo,11,52,63
right,ForLoop,foo,71,75,76
right,ForLoop,foo,77,83,84
right,ForLoop,foo,85,90,91
right,ForLoop,fox,109,116,117
right,ForLoop,fox,109,116,118
right,ForLoop,fox,109,116,119
right,ForLoop,fox,109,116,120
right,ForLoop,fox,109,116,121
right,ForLoop,fox,109,116,122
right,ForLoop,fox,109,116,123
right,ForLoop,fox,109,116,124
right,ForLoop,fox,109,116,125
right,ForLoop,fox,109,125,126
right,ForLoop,fox,109,125,127
right,ForLoop,fox,109,125,128
right,ForLoop,fox,109,125,129
right,ForLoop,fox,109,125,130
right,ForLoop,fox,109,125,131
right,ForLoop,fox,109,125,132
right,ForLoop,fox,109,125,133
right,ForLoop,fox,109,125,134
right,ForLoop,fox,109,134,135
right,ForLoop,fox,109,134,136
right,ForLoop,fox,109,134,137
right,ForLoop,fox,109,134,138
right,ForLoop,fox,109,134,139
right,ForLoop,fox,109,134,140
right,ForLoop,fox,109,134,141
right,ForLoop,fox,109,134,142
right,ForLoop,fox,109,134,143
right,ForLoop,fox,109,134,144
right,ForLoop,fox,109,134,145
right,ForLoop,fox,109,145,146
right,ForLoop,fox,109,145,147
right,ForLoop,fox,109,145,148
right,ForLoop,fox,109,145,149
right,ForLoop,fox,109,145,150
right,ForLoop,fox,109,145,151
right,ForLoop,fox,154,159,160
